id,bien_id,chemin_fichier
1,1,photos/proprietes/P1_0XFtAjh.jpg
2,2,photos/proprietes/P2_3dd6p0e.jpg
3,3,photos/proprietes/P3_HcaBiWz.jpg
4,4,photos/proprietes/P4_su6dC0m.jpg
5,5,photos/proprietes/P5_0JhMneD.jpg
6,6,photos/proprietes/P6_7HRULP3.jpg
7,7,photos/proprietes/P7_CnzrHnJ.jpg
8,8,photos/proprietes/P8_dwCwFo3.jpg
9,9,photos/proprietes/P9_6NzcwmJ.jpg
10,10,photos/proprietes/P10_t1ioV14.jpg
11,11,photos/proprietes/P11_i5PCoot.jpg
12,12,photos/proprietes/P12_soPZRTS.jpg
13,13,photos/proprietes/P13_9mmm4p5.jpg
14,14,photos/proprietes/P14_U3i8m2F.jpg
15,15,photos/proprietes/P15_ldN7omH.jpg
16,16,photos/proprietes/P16_ZLNtKGD.jpg
17,17,photos/proprietes/P17_Jai2uVJ.jpg
18,18,photos/proprietes/P18_zor4SO8.jpg
19,19,photos/proprietes/P19_PCAytYb.jpg
20,20,photos/proprietes/P20_wTcDlB5.jpg
21,21,photos/proprietes/V1_mp3bGg1.jpg
22,22,photos/proprietes/V2_meldfdt.jpg
23,23,photos/proprietes/V3_Zt1ZcRs.jpg
24,24,photos/proprietes/V4_pOTuRbt.jpg
25,25,photos/proprietes/V5_GuJrC7t.jpg
26,26,photos/proprietes/V6_ZPzKEFq.jpg
27,27,photos/proprietes/V7_r5BjeaB.jpg
28,28,photos/proprietes/V8_eNAy55k.jpg
29,29,photos/proprietes/V9_nCMZj2a.jpg
30,30,photos/proprietes/V10_03kRZcJ.jpg
31,31,photos/proprietes/V11_cAhjZDG.jpg
32,32,photos/proprietes/V12_18uZVC5.jpg
33,33,photos/proprietes/V13_kEQBXoU.jpg
34,34,photos/proprietes/V14_vsUWNRH.jpg
35,35,photos/proprietes/V15_TMNYf2F.jpg
36,36,photos/proprietes/V16_wlAYJlQ.jpg
37,37,photos/proprietes/V17_pkH1s0y.jpg
38,38,photos/proprietes/V18_sUuZdgR.jpg
39,39,photos/proprietes/V19_NuVbMGE.jpg
40,40,photos/proprietes/V20_ajil4ik.jpg
41,41,photos/proprietes/I1_rJKGqIT.jpg
42,42,photos/proprietes/I2_9iXBhRg.jpg
43,43,photos/proprietes/I3_ocbjyXh.jpg
44,44,photos/proprietes/I4_Lf2IbH6.jpg
45,45,photos/proprietes/I5_1Mf1rpA.jpg
46,46,photos/proprietes/I6_LeKgb1n.jpg
47,47,photos/proprietes/I7_T4tZ2Wl.jpg
48,48,photos/proprietes/I8_U8Fu7Rn.jpg
49,49,photos/proprietes/I9.jfif
50,50,photos/proprietes/I10.jfif
51,51,photos/proprietes/I11.jfif
52,52,photos/proprietes/I12_pPIhaNn.jpg
53,53,photos/proprietes/I13_rX3dmua.jpg
54,54,photos/proprietes/I14_uIKfqNY.jpg
55,55,photos/proprietes/I15_z6GGIQC.jpg
56,56,photos/proprietes/I16_ZX5jm6H.jpg
57,57,photos/proprietes/I17_l3Z5SPu.jpg
58,58,photos/proprietes/I18_vvdoUAt.jpg
59,59,photos/proprietes/I19_6p2FspU.jpg
60,60,photos/proprietes/I20_UjokasI.jpg
61,61,photos/proprietes/T1_ROsjFSg.jpg
62,62,photos/proprietes/T2_qiDhSAN.jpg
63,63,photos/proprietes/T3.jfif
64,64,photos/proprietes/T4.jfif
65,65,photos/proprietes/T5.jfif
66,66,photos/proprietes/T6.jfif
67,67,photos/proprietes/T7.jfif
68,68,photos/proprietes/T8.jfif
69,69,photos/proprietes/T9.jfif
70,70,photos/proprietes/T10.jfif
71,71,photos/proprietes/T11.jfif
72,72,photos/proprietes/T12.jfif
73,73,photos/proprietes/T13.jfif
74,74,photos/proprietes/T14.jfif
75,75,photos/proprietes/T15.jfif
76,76,photos/proprietes/T16.jfif
77,77,photos/proprietes/BO13.jpg
78,77,photos/proprietes/BO19.jpg
